filepath,prediction,label,mad,ssim,dists,l2
nopathgiven,8,8,0.0,0.12824445962905884,0.13593155145645142,3.6503546237945557
nopathgiven,9,9,18.02705913666181,0.1022566556930542,0.13064897060394287,3.4388556480407715
