filepath,prediction,label,mad,ssim,l2
nopathgiven,9,9,0.0,0.0024192333221435547,0.46053746342658997
nopathgiven,7,7,0.0,0.009083926677703857,0.5089419484138489
