filepath,prediction,label,mad,ssim,l2
nopathgiven,8,8,0.0,0.428888201713562,4.861159801483154
nopathgiven,6,8,0.0,0.08018279075622559,3.3566627502441406
