filepath,prediction,label,mad,ssim,l2
nopathgiven,6,2,0.0,0.1929907202720642,4.038556098937988
nopathgiven,9,1,0.0,0.0498088002204895,2.738466501235962
