filepath,prediction,label,mad,ssim,l2
nopathgiven,3,1,0.0,0.0009064674377441406,0.19815891981124878
nopathgiven,8,8,0.0,0.016992509365081787,0.6095572710037231
