filepath,prediction,label,mad,ssim,l2
nopathgiven,8,8,0.0,0.12902504205703735,3.7051103115081787
nopathgiven,2,4,0.9999999813114886,0.15636485815048218,3.973541736602783
